cf,El,capex[USD],lcoh[USD/kg],FOM_PV[USD],FOM_WIND[USD],FOM_EL[USD],FOM_UG[USD],H_total[kg],pv_capacity[kW],wind_capacity[kW],el_capacity[kW],ug_capcaity[kgH2],pipe_storage_capacity[kgH2],bat_e_capacity[kWh],bat_p_capacity[kW],pv_cost[USD],wind_cost[USD],el_cost[USD],ug_storage_cost[USD],pipe_storage_cost[USD],bat_cost[USD],load[kg/s],C_trans[USD],C_pipe[USD],LCOH-wind,LCOH-el,LCOH-UG,LCOH-pipe-storage,LCOH-trans,LCOH-pipe,pv_capacity_HD197[kW],pv_capacity_HD198[kW],pv_capacity_HD199[kW],pv_capacity_HD200[kW],pv_capacity_HD201[kW],pv_capacity_HD202[kW],pv_capacity_HE197[kW],pv_capacity_HE198[kW],pv_capacity_HE199[kW],pv_capacity_HE200[kW],pv_capacity_HE201[kW],pv_capacity_HE202[kW],pv_capacity_HF197[kW],pv_capacity_HF198[kW],pv_capacity_HF199[kW],pv_capacity_HF200[kW],pv_capacity_HF201[kW],pv_capacity_HF202[kW],pv_capacity_HG197[kW],pv_capacity_HG198[kW],pv_capacity_HG199[kW],pv_capacity_HG200[kW],pv_capacity_HG201[kW],pv_capacity_HG202[kW],pv_capacity_HH197[kW],pv_capacity_HH198[kW],pv_capacity_HH199[kW],pv_capacity_HH200[kW],pv_capacity_HH201[kW],pv_capacity_HH202[kW],pv_capacity_HI197[kW],pv_capacity_HI198[kW],pv_capacity_HI199[kW],pv_capacity_HI200[kW],pv_capacity_HI201[kW],pv_capacity_HI202[kW],pv_capacity_HJ197[kW],pv_capacity_HJ198[kW],pv_capacity_HJ199[kW],pv_capacity_HJ200[kW],pv_capacity_HJ201[kW],pv_capacity_HK197[kW],pv_capacity_HK198[kW],pv_capacity_HK199[kW],pv_capacity_HK200[kW],pv_capacity_HL197[kW],pv_capacity_HL198[kW],pv_capacity_HL199[kW],pv_capacity_HL200[kW],pv_capacity_HM197[kW],pv_capacity_HM198[kW],pv_capacity_HM199[kW],pv_capacity_HN197[kW],pv_capacity_HN198[kW],pv_capacity_HO197[kW],pv_capacity_HO198[kW],wind_capacity_HD197[kW],wind_capacity_HD198[kW],wind_capacity_HD199[kW],wind_capacity_HD200[kW],wind_capacity_HD201[kW],wind_capacity_HD202[kW],wind_capacity_HE197[kW],wind_capacity_HE198[kW],wind_capacity_HE199[kW],wind_capacity_HE200[kW],wind_capacity_HE201[kW],wind_capacity_HE202[kW],wind_capacity_HF197[kW],wind_capacity_HF198[kW],wind_capacity_HF199[kW],wind_capacity_HF200[kW],wind_capacity_HF201[kW],wind_capacity_HF202[kW],wind_capacity_HG197[kW],wind_capacity_HG198[kW],wind_capacity_HG199[kW],wind_capacity_HG200[kW],wind_capacity_HG201[kW],wind_capacity_HG202[kW],wind_capacity_HH197[kW],wind_capacity_HH198[kW],wind_capacity_HH199[kW],wind_capacity_HH200[kW],wind_capacity_HH201[kW],wind_capacity_HH202[kW],wind_capacity_HI197[kW],wind_capacity_HI198[kW],wind_capacity_HI199[kW],wind_capacity_HI200[kW],wind_capacity_HI201[kW],wind_capacity_HI202[kW],wind_capacity_HJ197[kW],wind_capacity_HJ198[kW],wind_capacity_HJ199[kW],wind_capacity_HJ200[kW],wind_capacity_HJ201[kW],wind_capacity_HK197[kW],wind_capacity_HK198[kW],wind_capacity_HK199[kW],wind_capacity_HK200[kW],wind_capacity_HL197[kW],wind_capacity_HL198[kW],wind_capacity_HL199[kW],wind_capacity_HL200[kW],wind_capacity_HM197[kW],wind_capacity_HM198[kW],wind_capacity_HM199[kW],wind_capacity_HN197[kW],wind_capacity_HN198[kW],wind_capacity_HO197[kW],wind_capacity_HO198[kW]
100,HD197,21439250741.23305,3.197197420130951,0.0,155993055.3755794,271716709.684743,27715701.95569728,667005321.5998772,0.0,8364238.894132947,7265152.66536746,26908448.50067697,0.0,0.0,0.0,0.0,12169967590.963438,7751917893.94708,475203200.5219553,0.0,0.0,21.1506,921049253.6796905,121112802.120885,1.6611706756832367,1.3165169421331748,0.0972845144036568,0.0,0.10802111781418151,0.014204170096700934,0.0,0.0,0.0,0.0,0.0,0.0,0.0,0.0,0.0,0.0,0.0,0.0,0.0,0.0,0.0,0.0,0.0,0.0,0.0,0.0,0.0,0.0,0.0,0.0,0.0,0.0,0.0,0.0,0.0,0.0,0.0,0.0,0.0,0.0,0.0,0.0,0.0,0.0,0.0,0.0,0.0,0.0,0.0,0.0,0.0,0.0,0.0,0.0,0.0,0.0,0.0,0.0,0.0,0.0,0.0,0.0,748800.0,748800.0,748800.0,0.0,0.0,0.0,748800.0,748800.0,748800.0,0.0,0.0,0.0,702000.0,743600.0,743600.0,0.0,0.0,0.0,738400.0,733200.0,0.0,0.0,0.0,0.0,210638.8941329471,0.0,0.0,0.0,0.0,0.0,0.0,0.0,0.0,0.0,0.0,0.0,0.0,0.0,0.0,0.0,0.0,0.0,0.0,0.0,0.0,0.0,0.0,0.0,0.0,0.0,0.0,0.0,0.0,0.0,0.0,0.0
100,HD198,21292037660.87358,3.180136418347466,0.0,156028550.4797405,271778276.9347169,27754856.77459357,667005321.5998772,0.0,8366142.116876166,7266798.848521843,26946462.88795492,0.0,0.0,0.0,0.0,12172736780.054823,7753674371.372807,475874534.6012839,0.0,0.0,21.1506,781144979.1806624,108606995.6640087,1.6615486631905696,1.3168152466716232,0.09742195120929778,0.0,0.09161307442454672,0.01273748285142862,0.0,0.0,0.0,0.0,0.0,0.0,0.0,0.0,0.0,0.0,0.0,0.0,0.0,0.0,0.0,0.0,0.0,0.0,0.0,0.0,0.0,0.0,0.0,0.0,0.0,0.0,0.0,0.0,0.0,0.0,0.0,0.0,0.0,0.0,0.0,0.0,0.0,0.0,0.0,0.0,0.0,0.0,0.0,0.0,0.0,0.0,0.0,0.0,0.0,0.0,0.0,0.0,0.0,0.0,0.0,0.0,748800.0,748800.0,748800.0,0.0,0.0,0.0,748800.0,748800.0,748800.0,0.0,0.0,0.0,702000.0,743600.0,743600.0,0.0,0.0,0.0,738400.0,733200.0,212542.1168761667,0.0,0.0,0.0,0.0,0.0,0.0,0.0,0.0,0.0,0.0,0.0,0.0,0.0,0.0,0.0,0.0,0.0,0.0,0.0,0.0,0.0,0.0,0.0,0.0,0.0,0.0,0.0,0.0,0.0,0.0,0.0,0.0,0.0,0.0,0.0
100,HD199,21401397365.13023,3.195137950274636,0.0,156412001.6028014,272443383.6220827,28157549.82307695,667005321.5998772,0.0,8386702.49880973,7284582.449788309,27337427.01269607,0.0,0.0,0.0,0.0,12202652135.768156,7772649473.924126,482778961.0442126,0.0,0.0,21.1506,842646478.462584,100670315.9311558,1.6656320357461811,1.3200378096978689,0.09883543868791388,0.0,0.09882600106570073,0.011806665076971054,0.0,0.0,0.0,0.0,0.0,0.0,0.0,0.0,0.0,0.0,0.0,0.0,0.0,0.0,0.0,0.0,0.0,0.0,0.0,0.0,0.0,0.0,0.0,0.0,0.0,0.0,0.0,0.0,0.0,0.0,0.0,0.0,0.0,0.0,0.0,0.0,0.0,0.0,0.0,0.0,0.0,0.0,0.0,0.0,0.0,0.0,0.0,0.0,0.0,0.0,0.0,0.0,0.0,0.0,0.0,0.0,748800.0,748800.0,748800.0,748800.0,0.0,0.0,748800.0,748800.0,748800.0,0.0,0.0,0.0,702000.0,743600.0,743600.0,0.0,0.0,0.0,222702.4988097301,733200.0,0.0,0.0,0.0,0.0,0.0,0.0,0.0,0.0,0.0,0.0,0.0,0.0,0.0,0.0,0.0,0.0,0.0,0.0,0.0,0.0,0.0,0.0,0.0,0.0,0.0,0.0,0.0,0.0,0.0,0.0,0.0,0.0,0.0,0.0,0.0,0.0
100,HD200,21649715936.11103,3.226887047402742,0.0,156903562.7658796,273296010.1946763,28565031.94885449,667005321.5998772,0.0,8413059.66573081,7307379.951729313,27733040.72704319,0.0,0.0,0.0,0.0,12241001813.638329,7796974408.495176,489765499.2395827,0.0,0.0,21.1506,1028132783.841946,93841430.89599144,1.6708666725538528,1.3241689407182422,0.10026573624262868,0.0,0.12057992786847875,0.011005770019539604,0.0,0.0,0.0,0.0,0.0,0.0,0.0,0.0,0.0,0.0,0.0,0.0,0.0,0.0,0.0,0.0,0.0,0.0,0.0,0.0,0.0,0.0,0.0,0.0,0.0,0.0,0.0,0.0,0.0,0.0,0.0,0.0,0.0,0.0,0.0,0.0,0.0,0.0,0.0,0.0,0.0,0.0,0.0,0.0,0.0,0.0,0.0,0.0,0.0,0.0,0.0,0.0,0.0,0.0,0.0,0.0,748800.0,748800.0,748800.0,748800.0,0.0,0.0,748800.0,748800.0,748800.0,748800.0,0.0,0.0,702000.0,743600.0,743600.0,0.0,0.0,0.0,0.0,0.0,233459.6657308091,0.0,0.0,0.0,0.0,0.0,0.0,0.0,0.0,0.0,0.0,0.0,0.0,0.0,0.0,0.0,0.0,0.0,0.0,0.0,0.0,0.0,0.0,0.0,0.0,0.0,0.0,0.0,0.0,0.0,0.0,0.0,0.0,0.0,0.0,0.0
100,HD201,22119574453.25312,3.281992289639716,0.0,156903562.7658796,273296010.1946762,28565031.94885439,667005321.5998772,0.0,8413059.66573081,7307379.95172931,27733040.72704309,0.0,0.0,0.0,0.0,12241001813.638329,7796974408.495173,489765499.2395809,0.0,0.0,21.1506,1499291706.999063,92541024.88097769,1.6708666725538528,1.3241689407182418,0.10026573624262831,0.0,0.17583768237425182,0.01085325775074087,0.0,0.0,0.0,0.0,0.0,0.0,0.0,0.0,0.0,0.0,0.0,0.0,0.0,0.0,0.0,0.0,0.0,0.0,0.0,0.0,0.0,0.0,0.0,0.0,0.0,0.0,0.0,0.0,0.0,0.0,0.0,0.0,0.0,0.0,0.0,0.0,0.0,0.0,0.0,0.0,0.0,0.0,0.0,0.0,0.0,0.0,0.0,0.0,0.0,0.0,0.0,0.0,0.0,0.0,0.0,0.0,748800.0,748800.0,748800.0,748800.0,0.0,0.0,748800.0,748800.0,748800.0,748800.0,0.0,0.0,702000.0,743600.0,743600.0,0.0,0.0,0.0,0.0,0.0,233459.6657308105,0.0,0.0,0.0,0.0,0.0,0.0,0.0,0.0,0.0,0.0,0.0,0.0,0.0,0.0,0.0,0.0,0.0,0.0,0.0,0.0,0.0,0.0,0.0,0.0,0.0,0.0,0.0,0.0,0.0,0.0,0.0,0.0,0.0,0.0,0.0
100,HD202,22585747679.92351,3.33867863227289,0.0,157327540.6090635,274031411.6104955,28748543.24736184,667005321.5998772,0.0,8435793.062148176,7327043.09118972,27911207.03627363,0.0,0.0,0.0,0.0,12274078905.425596,7817954978.299431,492911916.2605923,0.0,0.0,21.1506,1906770729.667238,94031150.27065596,1.6753816143154638,1.3277320945055744,0.10090987679484736,0.0,0.22362702625417624,0.01102802040282844,0.0,0.0,0.0,0.0,0.0,0.0,0.0,0.0,0.0,0.0,0.0,0.0,0.0,0.0,0.0,0.0,0.0,0.0,0.0,0.0,0.0,0.0,0.0,0.0,0.0,0.0,0.0,0.0,0.0,0.0,0.0,0.0,0.0,0.0,0.0,0.0,0.0,0.0,0.0,0.0,0.0,0.0,0.0,0.0,0.0,0.0,0.0,0.0,0.0,0.0,0.0,0.0,0.0,0.0,0.0,0.0,748800.0,748800.0,748800.0,748800.0,0.0,0.0,748800.0,748800.0,748800.0,748800.0,0.0,0.0,0.0,743600.0,743600.0,0.0,0.0,260000.0,0.0,0.0,698193.0621481763,0.0,0.0,0.0,0.0,0.0,0.0,0.0,0.0,0.0,0.0,0.0,0.0,0.0,0.0,0.0,0.0,0.0,0.0,0.0,0.0,0.0,0.0,0.0,0.0,0.0,0.0,0.0,0.0,0.0,0.0,0.0,0.0,0.0,0.0,0.0
100,HE197,21259105968.07731,3.17606995090287,0.0,155993055.3755794,271716709.6847429,27715701.95569734,667005321.5998772,0.0,8364238.894132945,7265152.665367458,26908448.50067703,0.0,0.0,0.0,0.0,12169967590.963434,7751917893.947078,475203200.5219564,0.0,0.0,21.1506,752821153.802387,109196128.842454,1.6611706756832363,1.3165169421331746,0.097284514403657,0.0,0.088291241997115,0.012806576685686494,0.0,0.0,0.0,0.0,0.0,0.0,0.0,0.0,0.0,0.0,0.0,0.0,0.0,0.0,0.0,0.0,0.0,0.0,0.0,0.0,0.0,0.0,0.0,0.0,0.0,0.0,0.0,0.0,0.0,0.0,0.0,0.0,0.0,0.0,0.0,0.0,0.0,0.0,0.0,0.0,0.0,0.0,0.0,0.0,0.0,0.0,0.0,0.0,0.0,0.0,0.0,0.0,0.0,0.0,0.0,0.0,748800.0,748800.0,748800.0,0.0,0.0,0.0,748800.0,748800.0,748800.0,0.0,0.0,0.0,702000.0,743600.0,743600.0,0.0,0.0,0.0,738400.0,733200.0,0.0,0.0,0.0,0.0,210638.894132945,0.0,0.0,0.0,0.0,0.0,0.0,0.0,0.0,0.0,0.0,0.0,0.0,0.0,0.0,0.0,0.0,0.0,0.0,0.0,0.0,0.0,0.0,0.0,0.0,0.0,0.0,0.0,0.0,0.0,0.0,0.0
100,HE198,21109843504.74414,3.158768596457718,0.0,156028550.4797405,271778276.9347169,27754856.77459363,667005321.5998772,0.0,8366142.116876166,7266798.848521843,26946462.88795498,0.0,0.0,0.0,0.0,12172736780.054823,7753674371.372807,475874534.601285,0.0,0.0,21.1506,611242177.9379805,96315640.777249,1.6615486631905696,1.3168152466716232,0.09742195120929799,0.0,0.07168678879251061,0.011295946593715822,0.0,0.0,0.0,0.0,0.0,0.0,0.0,0.0,0.0,0.0,0.0,0.0,0.0,0.0,0.0,0.0,0.0,0.0,0.0,0.0,0.0,0.0,0.0,0.0,0.0,0.0,0.0,0.0,0.0,0.0,0.0,0.0,0.0,0.0,0.0,0.0,0.0,0.0,0.0,0.0,0.0,0.0,0.0,0.0,0.0,0.0,0.0,0.0,0.0,0.0,0.0,0.0,0.0,0.0,0.0,0.0,748800.0,748800.0,748800.0,0.0,0.0,0.0,748800.0,748800.0,748800.0,0.0,0.0,0.0,702000.0,743600.0,743600.0,0.0,0.0,0.0,738400.0,733200.0,212542.1168761664,0.0,0.0,0.0,0.0,0.0,0.0,0.0,0.0,0.0,0.0,0.0,0.0,0.0,0.0,0.0,0.0,0.0,0.0,0.0,0.0,0.0,0.0,0.0,0.0,0.0,0.0,0.0,0.0,0.0,0.0,0.0,0.0,0.0,0.0,0.0
100,HE199,21252895490.59206,3.176340985896455,0.0,156170944.0288138,272025262.5243544,27895867.5181153,667005321.5998772,0.0,8373777.159721918,7273402.741292899,27083366.52244204,0.0,0.0,0.0,0.0,12183845767.395391,7760720724.959523,478292252.7863264,0.0,0.0,21.1506,745142526.1301935,84894219.32062104,1.6630650126688042,1.3180119368332177,0.09791691113241782,0.0,0.08739068869758677,0.009956436564428194,0.0,0.0,0.0,0.0,0.0,0.0,0.0,0.0,0.0,0.0,0.0,0.0,0.0,0.0,0.0,0.0,0.0,0.0,0.0,0.0,0.0,0.0,0.0,0.0,0.0,0.0,0.0,0.0,0.0,0.0,0.0,0.0,0.0,0.0,0.0,0.0,0.0,0.0,0.0,0.0,0.0,0.0,0.0,0.0,0.0,0.0,0.0,0.0,0.0,0.0,0.0,0.0,0.0,0.0,0.0,0.0,748800.0,748800.0,748800.0,0.0,0.0,0.0,748800.0,748800.0,748800.0,0.0,0.0,0.0,702000.0,743600.0,743600.0,0.0,0.0,0.0,209777.1597219185,733200.0,748800.0,0.0,0.0,0.0,0.0,0.0,0.0,0.0,0.0,0.0,0.0,0.0,0.0,0.0,0.0,0.0,0.0,0.0,0.0,0.0,0.0,0.0,0.0,0.0,0.0,0.0,0.0,0.0,0.0,0.0,0.0,0.0,0.0,0.0,0.0,0.0
100,HE200,21566470254.937,3.218089521836155,0.0,157103564.2464779,273642918.3512285,28662162.38546873,667005321.5998772,0.0,8423783.60570927,7316655.570888462,27827342.1218143,0.0,0.0,0.0,0.0,12256605146.306988,7806871494.137988,491430861.87124056,0.0,0.0,21.1506,934488039.284185,77074713.33660357,1.6729964891271818,1.3258497739139443,0.10060667248789988,0.0,0.10959722532120467,0.009039360985924987,0.0,0.0,0.0,0.0,0.0,0.0,0.0,0.0,0.0,0.0,0.0,0.0,0.0,0.0,0.0,0.0,0.0,0.0,0.0,0.0,0.0,0.0,0.0,0.0,0.0,0.0,0.0,0.0,0.0,0.0,0.0,0.0,0.0,0.0,0.0,0.0,0.0,0.0,0.0,0.0,0.0,0.0,0.0,0.0,0.0,0.0,0.0,0.0,0.0,0.0,0.0,0.0,0.0,0.0,0.0,0.0,748800.0,748800.0,748800.0,748800.0,0.0,0.0,748800.0,748800.0,748800.0,748800.0,0.0,0.0,197383.6057092695,743600.0,743600.0,0.0,0.0,0.0,0.0,0.0,748800.0,0.0,0.0,0.0,0.0,0.0,0.0,0.0,0.0,0.0,0.0,0.0,0.0,0.0,0.0,0.0,0.0,0.0,0.0,0.0,0.0,0.0,0.0,0.0,0.0,0.0,0.0,0.0,0.0,0.0,0.0,0.0,0.0,0.0,0.0,0.0
100,HE201,21998375621.81616,3.27343048390319,0.0,158115990.2626143,275299498.0438182,29119333.44868686,667005321.5998772,0.0,8478069.182982,7360949.145556636,28271197.52299695,0.0,0.0,0.0,0.0,12335590661.23881,7854132738.30893,499269348.25612617,0.0,0.0,21.1506,1233833927.046564,75548946.96573496,1.6837778178552802,1.3338762042126864,0.1022113825167374,0.0,0.1447046609767749,0.008860418341711272,0.0,0.0,0.0,0.0,0.0,0.0,0.0,0.0,0.0,0.0,0.0,0.0,0.0,0.0,0.0,0.0,0.0,0.0,0.0,0.0,0.0,0.0,0.0,0.0,0.0,0.0,0.0,0.0,0.0,0.0,0.0,0.0,0.0,0.0,0.0,0.0,0.0,0.0,0.0,0.0,0.0,0.0,0.0,0.0,0.0,0.0,0.0,0.0,0.0,0.0,0.0,0.0,0.0,0.0,0.0,0.0,247505.4887493035,748800.0,748800.0,748800.0,0.0,0.0,748800.0,748800.0,748800.0,748800.0,748800.0,0.0,0.0,743600.0,743600.0,0.0,0.0,4163.69423269605,0.0,0.0,748800.0,0.0,0.0,0.0,0.0,0.0,0.0,0.0,0.0,0.0,0.0,0.0,0.0,0.0,0.0,0.0,0.0,0.0,0.0,0.0,0.0,0.0,0.0,0.0,0.0,0.0,0.0,0.0,0.0,0.0,0.0,0.0,0.0,0.0,0.0,0.0
100,HE202,22441413599.65876,3.329622454751545,0.0,159279694.0019334,276633161.8463038,29444902.44389151,667005321.5998772,0.0,8540466.166323509,7396608.605516146,28587283.92610826,0.0,0.0,0.0,0.0,12426378272.000706,7892181382.085728,504851434.1350719,0.0,0.0,21.1506,1540237219.424909,77765292.01234885,1.6961701036675276,1.3403380482160208,0.10335415788840213,0.0,0.18063979258067572,0.009120352398919047,0.0,0.0,0.0,0.0,0.0,0.0,0.0,0.0,0.0,0.0,0.0,0.0,0.0,0.0,0.0,0.0,0.0,0.0,0.0,0.0,0.0,0.0,0.0,0.0,0.0,0.0,0.0,0.0,0.0,0.0,0.0,0.0,0.0,0.0,0.0,0.0,0.0,0.0,0.0,0.0,0.0,0.0,0.0,0.0,0.0,0.0,0.0,0.0,0.0,0.0,0.0,0.0,0.0,0.0,0.0,0.0,65113.96764633247,748800.0,748800.0,748800.0,0.0,0.0,172148.2278181111,748800.0,748800.0,748800.0,61203.97085906556,520000.0,0.0,743600.0,743600.0,0.0,733200.0,260000.0,0.0,0.0,748800.0,0.0,0.0,0.0,0.0,0.0,0.0,0.0,0.0,0.0,0.0,0.0,0.0,0.0,0.0,0.0,0.0,0.0,0.0,0.0,0.0,0.0,0.0,0.0,0.0,0.0,0.0,0.0,0.0,0.0,0.0,0.0,0.0,0.0,0.0,0.0
100,HF197,21240498549.4955,3.173710228340128,0.0,155972479.2796303,271681019.8713806,27653617.6482182,667005321.5998772,0.0,8363135.618210741,7264198.392282903,26848172.47399826,0.0,0.0,0.0,0.0,12168362324.496628,7750899684.565858,474138725.8908093,0.0,0.0,21.1506,749605156.8829148,97492657.65929039,1.660951560754508,1.3163440184877808,0.0970665931070992,0.0,0.08791406826754465,0.011433987723195406,0.0,0.0,0.0,0.0,0.0,0.0,0.0,0.0,0.0,0.0,0.0,0.0,0.0,0.0,0.0,0.0,0.0,0.0,0.0,0.0,0.0,0.0,0.0,0.0,0.0,0.0,0.0,0.0,0.0,0.0,0.0,0.0,0.0,0.0,0.0,0.0,0.0,0.0,0.0,0.0,0.0,0.0,0.0,0.0,0.0,0.0,0.0,0.0,0.0,0.0,0.0,0.0,0.0,0.0,0.0,0.0,748800.0,748800.0,748800.0,0.0,0.0,0.0,748800.0,748800.0,748800.0,0.0,0.0,0.0,702000.0,743600.0,339535.6182107415,0.0,0.0,0.0,738400.0,733200.0,0.0,0.0,0.0,0.0,613600.0,0.0,0.0,0.0,0.0,0.0,0.0,0.0,0.0,0.0,0.0,0.0,0.0,0.0,0.0,0.0,0.0,0.0,0.0,0.0,0.0,0.0,0.0,0.0,0.0,0.0,0.0,0.0,0.0,0.0,0.0,0.0
100,HF198,21117758834.01657,3.159696910239482,0.0,156028550.4797405,271778276.9347169,27754856.77459357,667005321.5998772,0.0,8366142.116876168,7266798.848521843,26946462.88795492,0.0,0.0,0.0,0.0,12172736780.054825,7753674371.372807,475874534.6012839,0.0,0.0,21.1506,632604388.9772644,82868759.01039714,1.66154866319057,1.3168152466716232,0.09742195120929778,0.0,0.0741921596032755,0.009718889564716133,0.0,0.0,0.0,0.0,0.0,0.0,0.0,0.0,0.0,0.0,0.0,0.0,0.0,0.0,0.0,0.0,0.0,0.0,0.0,0.0,0.0,0.0,0.0,0.0,0.0,0.0,0.0,0.0,0.0,0.0,0.0,0.0,0.0,0.0,0.0,0.0,0.0,0.0,0.0,0.0,0.0,0.0,0.0,0.0,0.0,0.0,0.0,0.0,0.0,0.0,0.0,0.0,0.0,0.0,0.0,0.0,748800.0,748800.0,748800.0,0.0,0.0,0.0,748800.0,748800.0,748800.0,0.0,0.0,0.0,702000.0,743600.0,743600.0,0.0,0.0,0.0,738400.0,733200.0,212542.1168761679,0.0,0.0,0.0,0.0,0.0,0.0,0.0,0.0,0.0,0.0,0.0,0.0,0.0,0.0,0.0,0.0,0.0,0.0,0.0,0.0,0.0,0.0,0.0,0.0,0.0,0.0,0.0,0.0,0.0,0.0,0.0,0.0,0.0,0.0,0.0
100,HF199,21245855162.43736,3.17581471108557,0.0,156278370.2295354,272211596.2712163,27801821.23772697,667005321.5998772,0.0,8379537.27772308,7278384.927037869,26992059.45410385,0.0,0.0,0.0,0.0,12192226739.08708,7766036717.1494055,476679769.95947397,0.0,0.0,21.1506,740305440.810568,70606495.43082993,1.6642089947134486,1.3189147577709488,0.09758680054262747,0.0,0.08682339290846253,0.00828076515008236,0.0,0.0,0.0,0.0,0.0,0.0,0.0,0.0,0.0,0.0,0.0,0.0,0.0,0.0,0.0,0.0,0.0,0.0,0.0,0.0,0.0,0.0,0.0,0.0,0.0,0.0,0.0,0.0,0.0,0.0,0.0,0.0,0.0,0.0,0.0,0.0,0.0,0.0,0.0,0.0,0.0,0.0,0.0,0.0,0.0,0.0,0.0,0.0,0.0,0.0,0.0,0.0,0.0,0.0,0.0,0.0,225937.2777230804,748800.0,748800.0,0.0,0.0,0.0,748800.0,748800.0,748800.0,0.0,0.0,0.0,702000.0,743600.0,743600.0,0.0,0.0,0.0,738400.0,733200.0,748800.0,0.0,0.0,0.0,0.0,0.0,0.0,0.0,0.0,0.0,0.0,0.0,0.0,0.0,0.0,0.0,0.0,0.0,0.0,0.0,0.0,0.0,0.0,0.0,0.0,0.0,0.0,0.0,0.0,0.0,0.0,0.0,0.0,0.0,0.0,0.0
100,HF200,21587496083.3136,3.21967665562766,0.0,157027099.51256,273510288.1336653,28285102.47037873,667005321.5998772,0.0,8419683.619976409,7313109.308386773,27461264.53434828,0.0,0.0,0.0,0.0,12250639667.065674,7803087632.048687,484965931.6765906,0.0,0.0,21.1506,986377092.5996556,62425759.92299386,1.6721822158673723,1.325207156355888,0.09928315952765626,0.0,0.11568279948465333,0.007321324392090133,0.0,0.0,0.0,0.0,0.0,0.0,0.0,0.0,0.0,0.0,0.0,0.0,0.0,0.0,0.0,0.0,0.0,0.0,0.0,0.0,0.0,0.0,0.0,0.0,0.0,0.0,0.0,0.0,0.0,0.0,0.0,0.0,0.0,0.0,0.0,0.0,0.0,0.0,0.0,0.0,0.0,0.0,0.0,0.0,0.0,0.0,0.0,0.0,0.0,0.0,0.0,0.0,0.0,0.0,0.0,0.0,0.0,748800.0,748800.0,0.0,0.0,0.0,748800.0,748800.0,748800.0,0.0,0.0,0.0,702000.0,743600.0,743600.0,743600.0,0.0,0.0,0.0,733200.0,748800.0,0.0,0.0,0.0,0.0,0.0,260883.6199764097,0.0,0.0,0.0,0.0,0.0,0.0,0.0,0.0,0.0,0.0,0.0,0.0,0.0,0.0,0.0,0.0,0.0,0.0,0.0,0.0,0.0,0.0,0.0,0.0,0.0,0.0,0.0,0.0,0.0
100,HF201,21976683108.71769,3.270632196495868,0.0,158285880.5543365,275332696.9139305,28746705.80427296,667005321.5998772,0.0,8487178.582001958,7361836.815880495,27909423.11094462,0.0,0.0,0.0,0.0,12348844836.812849,7855079882.544488,492880412.139282,0.0,0.0,21.1506,1221280915.77631,58597061.44476403,1.6855869802568548,1.3340370587843957,0.10090342721045902,0.0,0.1432324375273453,0.006872292716813763,0.0,0.0,0.0,0.0,0.0,0.0,0.0,0.0,0.0,0.0,0.0,0.0,0.0,0.0,0.0,0.0,0.0,0.0,0.0,0.0,0.0,0.0,0.0,0.0,0.0,0.0,0.0,0.0,0.0,0.0,0.0,0.0,0.0,0.0,0.0,0.0,0.0,0.0,0.0,0.0,0.0,0.0,0.0,0.0,0.0,0.0,0.0,0.0,0.0,0.0,0.0,0.0,0.0,0.0,0.0,0.0,0.0,748800.0,748800.0,0.0,0.0,0.0,0.0,748800.0,748800.0,748800.0,0.0,0.0,11159.00679747791,743600.0,743600.0,0.0,733200.0,260000.0,0.0,733200.0,748800.0,0.0,0.0,0.0,0.0,0.0,738400.0,0.0,0.0,0.0,0.0,0.0,31219.57520448089,0.0,0.0,0.0,0.0,0.0,0.0,0.0,0.0,0.0,0.0,0.0,0.0,0.0,0.0,0.0,0.0,0.0,0.0,0.0,0.0,0.0,0.0,0.0
100,HF202,22449240451.80638,3.326353249125495,0.0,158289205.3387552,275369578.9450704,28906127.50088302,667005321.5998772,0.0,8487356.854624944,7362822.966445735,28064201.45716798,0.0,0.0,0.0,0.0,12349104223.479294,7856132105.197599,495613797.7335865,0.0,0.0,21.1506,1685490558.970882,62899766.42502198,1.6856223858995356,1.334215758942043,0.10146301117354638,0.0,0.1976751769982993,0.007376916112072217,0.0,0.0,0.0,0.0,0.0,0.0,0.0,0.0,0.0,0.0,0.0,0.0,0.0,0.0,0.0,0.0,0.0,0.0,0.0,0.0,0.0,0.0,0.0,0.0,0.0,0.0,0.0,0.0,0.0,0.0,0.0,0.0,0.0,0.0,0.0,0.0,0.0,0.0,0.0,0.0,0.0,0.0,0.0,0.0,0.0,0.0,0.0,0.0,0.0,0.0,0.0,0.0,0.0,0.0,0.0,0.0,0.0,748800.0,748800.0,0.0,0.0,0.0,0.0,748800.0,748800.0,748800.0,0.0,0.0,0.0,743600.0,743600.0,0.0,733200.0,260000.0,0.0,32156.8546249437,748800.0,0.0,0.0,0.0,0.0,0.0,738400.0,0.0,0.0,0.0,0.0,0.0,743600.0,0.0,0.0,0.0,0.0,0.0,0.0,0.0,0.0,0.0,0.0,0.0,0.0,0.0,0.0,0.0,0.0,0.0,0.0,0.0,0.0,0.0,0.0,0.0
100,HG197,21301542762.23989,3.181783549763046,0.0,156283230.8336345,272220027.1248413,27413518.76397968,667005321.5998772,0.0,8379797.899926784,7278610.350931586,26615066.76114532,0.0,0.0,0.0,0.0,12192605944.39347,7766277244.444002,470022079.00182635,0.0,0.0,21.1506,783018459.2497799,89619035.15081778,1.6642607553060984,1.3189556067921475,0.09622382522774543,0.0,0.09183279710545673,0.010510565331597778,0.0,0.0,0.0,0.0,0.0,0.0,0.0,0.0,0.0,0.0,0.0,0.0,0.0,0.0,0.0,0.0,0.0,0.0,0.0,0.0,0.0,0.0,0.0,0.0,0.0,0.0,0.0,0.0,0.0,0.0,0.0,0.0,0.0,0.0,0.0,0.0,0.0,0.0,0.0,0.0,0.0,0.0,0.0,0.0,0.0,0.0,0.0,0.0,0.0,0.0,0.0,0.0,0.0,0.0,0.0,0.0,748800.0,748800.0,0.0,0.0,0.0,0.0,748800.0,748800.0,0.0,0.0,0.0,0.0,702000.0,743600.0,0.0,0.0,0.0,0.0,738400.0,733200.0,0.0,0.0,0.0,0.0,613600.0,743600.0,0.0,0.0,0.0,0.0,665600.0,444597.8999267832,0.0,0.0,0.0,0.0,0.0,0.0,0.0,0.0,0.0,0.0,0.0,0.0,0.0,0.0,0.0,0.0,0.0,0.0,0.0,0.0,0.0,0.0,0.0,0.0
100,HG198,21228291102.62066,3.17507188067102,0.0,156683987.963341,272915151.5642994,27571155.12923172,667005321.5998772,0.0,8401286.217873514,7297196.565890359,26768111.77595313,0.0,0.0,0.0,0.0,12223871447.005962,7786108735.805013,472724853.96333224,0.0,0.0,21.1506,673332889.7923813,72253176.05397278,1.668528419596259,1.3223236112939656,0.09677714252313328,0.0,0.07896881857929454,0.008473888678367313,0.0,0.0,0.0,0.0,0.0,0.0,0.0,0.0,0.0,0.0,0.0,0.0,0.0,0.0,0.0,0.0,0.0,0.0,0.0,0.0,0.0,0.0,0.0,0.0,0.0,0.0,0.0,0.0,0.0,0.0,0.0,0.0,0.0,0.0,0.0,0.0,0.0,0.0,0.0,0.0,0.0,0.0,0.0,0.0,0.0,0.0,0.0,0.0,0.0,0.0,0.0,0.0,0.0,0.0,0.0,0.0,0.0,748800.0,0.0,0.0,0.0,0.0,748800.0,748800.0,0.0,0.0,0.0,0.0,702000.0,743600.0,743600.0,0.0,0.0,0.0,738400.0,733200.0,748800.0,0.0,0.0,0.0,613600.0,743600.0,0.0,0.0,0.0,0.0,0.0,388086.217873514,0.0,0.0,0.0,0.0,0.0,0.0,0.0,0.0,0.0,0.0,0.0,0.0,0.0,0.0,0.0,0.0,0.0,0.0,0.0,0.0,0.0,0.0,0.0,0.0
100,HG199,21341029499.56285,3.189314711073887,0.0,156842472.4938099,273190047.4107829,27818663.616336,667005321.5998772,0.0,8409784.047925467,7304546.722213446,27008411.27799612,0.0,0.0,0.0,0.0,12236235789.731554,7793951352.6017475,476968543.1694115,0.0,0.0,21.1506,776093476.3405722,57780337.71956509,1.6702161220002578,1.3236555317328575,0.09764591875031356,0.0,0.0910206316412232,0.006776506949235222,0.0,0.0,0.0,0.0,0.0,0.0,0.0,0.0,0.0,0.0,0.0,0.0,0.0,0.0,0.0,0.0,0.0,0.0,0.0,0.0,0.0,0.0,0.0,0.0,0.0,0.0,0.0,0.0,0.0,0.0,0.0,0.0,0.0,0.0,0.0,0.0,0.0,0.0,0.0,0.0,0.0,0.0,0.0,0.0,0.0,0.0,0.0,0.0,0.0,0.0,0.0,0.0,0.0,0.0,0.0,0.0,0.0,748800.0,0.0,0.0,0.0,0.0,271784.0479254668,748800.0,748800.0,0.0,0.0,0.0,702000.0,743600.0,743600.0,0.0,0.0,0.0,738400.0,733200.0,748800.0,0.0,0.0,0.0,0.0,743600.0,738400.0,0.0,0.0,0.0,0.0,0.0,0.0,0.0,0.0,0.0,0.0,0.0,0.0,0.0,0.0,0.0,0.0,0.0,0.0,0.0,0.0,0.0,0.0,0.0,0.0,0.0,0.0,0.0,0.0,0.0
100,HG200,21647193923.56725,3.229152439928991,0.0,157536509.7525335,274393874.4288738,28542538.36311325,667005321.5998772,0.0,8446997.8419589,7336734.610397696,27711202.29428471,0.0,0.0,0.0,0.0,12290381860.050201,7828295829.294341,489379832.51706797,0.0,0.0,21.1506,992942985.4238597,46193416.28178645,1.6776069275668728,1.329488292870563,0.10018678180844073,0.0,0.11645285068385369,0.005417586999261268,0.0,0.0,0.0,0.0,0.0,0.0,0.0,0.0,0.0,0.0,0.0,0.0,0.0,0.0,0.0,0.0,0.0,0.0,0.0,0.0,0.0,0.0,0.0,0.0,0.0,0.0,0.0,0.0,0.0,0.0,0.0,0.0,0.0,0.0,0.0,0.0,0.0,0.0,0.0,0.0,0.0,0.0,0.0,0.0,0.0,0.0,0.0,0.0,0.0,0.0,0.0,0.0,0.0,0.0,0.0,0.0,0.0,748800.0,748800.0,0.0,0.0,0.0,0.0,748800.0,748800.0,0.0,0.0,0.0,0.0,743600.0,743600.0,0.0,0.0,0.0,0.0,733200.0,748800.0,743600.0,0.0,0.0,0.0,256997.8419589013,738400.0,0.0,0.0,0.0,0.0,0.0,743600.0,0.0,0.0,0.0,0.0,0.0,0.0,0.0,0.0,0.0,0.0,0.0,0.0,0.0,0.0,0.0,0.0,0.0,0.0,0.0,0.0,0.0,0.0,0.0
100,HG201,22108020913.35475,3.281049414182946,0.0,157182306.7031449,273553181.4937205,28304009.27525771,667005321.5998772,0.0,8428005.721348252,7314256.189671673,27479620.65559001,0.0,0.0,0.0,0.0,12262748324.561707,7804311354.379675,485290100.77771956,0.0,0.0,21.1506,1514050788.433886,41620345.20176522,1.6738350178657306,1.3254149824968833,0.09934952405035595,0.0,0.17756863483757637,0.00488125493239941,0.0,0.0,0.0,0.0,0.0,0.0,0.0,0.0,0.0,0.0,0.0,0.0,0.0,0.0,0.0,0.0,0.0,0.0,0.0,0.0,0.0,0.0,0.0,0.0,0.0,0.0,0.0,0.0,0.0,0.0,0.0,0.0,0.0,0.0,0.0,0.0,0.0,0.0,0.0,0.0,0.0,0.0,0.0,0.0,0.0,0.0,0.0,0.0,0.0,0.0,0.0,0.0,0.0,0.0,0.0,0.0,0.0,748800.0,748800.0,0.0,0.0,0.0,0.0,748800.0,748800.0,0.0,0.0,0.0,0.0,743600.0,743600.0,0.0,0.0,32395.63961587452,0.0,733200.0,748800.0,168865.6013012133,7080.326636260195,0.0,0.0,29664.15379490257,738400.0,0.0,0.0,0.0,0.0,0.0,743600.0,0.0,0.0,0.0,0.0,0.0,743600.0,0.0,0.0,0.0,0.0,0.0,0.0,0.0,0.0,0.0,0.0,0.0,0.0,0.0,0.0,0.0,0.0,0.0
100,HG202,22556854372.9056,3.334499704013872,0.0,157435815.3975444,273785963.9431508,28358577.32518743,667005321.5998772,0.0,8441598.680833481,7320480.319335583,27532599.34484216,0.0,0.0,0.0,0.0,12282526080.612715,7810952500.731067,486225704.4299125,0.0,0.0,21.1506,1929563083.030234,47587004.10167187,1.6765346329745785,1.3265428558575678,0.09954106263190991,0.0,0.22630012487300738,0.0055810276768090104,0.0,0.0,0.0,0.0,0.0,0.0,0.0,0.0,0.0,0.0,0.0,0.0,0.0,0.0,0.0,0.0,0.0,0.0,0.0,0.0,0.0,0.0,0.0,0.0,0.0,0.0,0.0,0.0,0.0,0.0,0.0,0.0,0.0,0.0,0.0,0.0,0.0,0.0,0.0,0.0,0.0,0.0,0.0,0.0,0.0,0.0,0.0,0.0,0.0,0.0,0.0,0.0,0.0,0.0,0.0,0.0,0.0,748800.0,748800.0,0.0,0.0,0.0,0.0,748800.0,748800.0,0.0,0.0,0.0,0.0,743600.0,743600.0,0.0,214730.849499233,260000.0,0.0,733200.0,748800.0,0.0,0.0,0.0,0.0,0.0,738400.0,0.0,0.0,0.0,0.0,0.0,743600.0,0.0,0.0,0.0,0.0,0.0,520467.8313342488,0.0,0.0,0.0,0.0,0.0,0.0,0.0,0.0,0.0,0.0,0.0,0.0,0.0,0.0,0.0,0.0,0.0
100,HH197,21357298475.94409,3.190184012997157,0.0,156824907.0977246,273159579.7404595,27173857.06066568,667005321.5998772,0.0,8408842.203631349,7303732.078621912,26382385.49579192,0.0,0.0,0.0,0.0,12234865406.283613,7793082127.88958,465912927.8556853,0.0,0.0,21.1506,781491969.9157324,81946043.99947542,1.6700290680265186,1.3235079103215184,0.09538259189130223,0.0,0.09165376967175927,0.009610673086058247,0.0,0.0,0.0,0.0,0.0,0.0,0.0,0.0,0.0,0.0,0.0,0.0,0.0,0.0,0.0,0.0,0.0,0.0,0.0,0.0,0.0,0.0,0.0,0.0,0.0,0.0,0.0,0.0,0.0,0.0,0.0,0.0,0.0,0.0,0.0,0.0,0.0,0.0,0.0,0.0,0.0,0.0,0.0,0.0,0.0,0.0,0.0,0.0,0.0,0.0,0.0,0.0,0.0,0.0,0.0,0.0,0.0,0.0,0.0,0.0,0.0,0.0,748800.0,494442.2036313479,0.0,0.0,0.0,0.0,702000.0,743600.0,0.0,0.0,0.0,0.0,738400.0,733200.0,0.0,0.0,0.0,0.0,613600.0,743600.0,0.0,0.0,0.0,0.0,665600.0,743600.0,0.0,0.0,0.0,0.0,748800.0,733200.0,0.0,0.0,0.0,0.0,0.0,0.0,0.0,0.0,0.0,0.0,0.0,0.0,0.0,0.0,0.0,0.0,0.0,0.0
100,HH198,21286392909.18232,3.183979807790115,0.0,157222342.8451813,273848943.1495989,27495529.80542937,667005321.5998772,0.0,8430152.431377012,7322164.25533687,26694689.13148482,0.0,0.0,0.0,0.0,12265871787.653553,7812749260.444441,471428210.062022,0.0,0.0,21.1506,673368374.6464038,62975276.37589485,1.6742613629037082,1.3268480015822723,0.09651169108645338,0.0,0.07897298026074825,0.007385771956932623,0.0,0.0,0.0,0.0,0.0,0.0,0.0,0.0,0.0,0.0,0.0,0.0,0.0,0.0,0.0,0.0,0.0,0.0,0.0,0.0,0.0,0.0,0.0,0.0,0.0,0.0,0.0,0.0,0.0,0.0,0.0,0.0,0.0,0.0,0.0,0.0,0.0,0.0,0.0,0.0,0.0,0.0,0.0,0.0,0.0,0.0,0.0,0.0,0.0,0.0,0.0,0.0,0.0,0.0,0.0,0.0,0.0,0.0,0.0,0.0,0.0,0.0,0.0,531352.4313770119,0.0,0.0,0.0,0.0,702000.0,743600.0,0.0,0.0,0.0,0.0,738400.0,733200.0,0.0,0.0,0.0,0.0,613600.0,743600.0,738400.0,0.0,0.0,0.0,665600.0,743600.0,743600.0,0.0,0.0,0.0,0.0,733200.0,0.0,0.0,0.0,0.0,0.0,0.0,0.0,0.0,0.0,0.0,0.0,0.0,0.0,0.0,0.0,0.0,0.0,0.0
100,HH199,21408668135.97983,3.200251909813088,0.0,157557250.7989386,274429850.3534111,27868103.57976785,667005321.5998772,0.0,8448109.962409576,7337696.533513665,27056411.24249306,0.0,0.0,0.0,0.0,12291999995.305933,7829322201.259081,477816222.5424274,0.0,0.0,21.1506,763775632.5736299,45754084.29876003,1.6778277990536714,1.3296626027767044,0.09781945730410121,0.0,0.08957598875437461,0.005366061924235758,0.0,0.0,0.0,0.0,0.0,0.0,0.0,0.0,0.0,0.0,0.0,0.0,0.0,0.0,0.0,0.0,0.0,0.0,0.0,0.0,0.0,0.0,0.0,0.0,0.0,0.0,0.0,0.0,0.0,0.0,0.0,0.0,0.0,0.0,0.0,0.0,0.0,0.0,0.0,0.0,0.0,0.0,0.0,0.0,0.0,0.0,0.0,0.0,0.0,0.0,0.0,0.0,0.0,0.0,0.0,0.0,0.0,0.0,0.0,0.0,0.0,0.0,0.0,748800.0,0.0,0.0,0.0,0.0,0.0,743600.0,743600.0,0.0,0.0,0.0,284109.9624095756,733200.0,748800.0,0.0,0.0,0.0,0.0,743600.0,738400.0,0.0,0.0,0.0,0.0,743600.0,743600.0,0.0,0.0,0.0,0.0,733200.0,743600.0,0.0,0.0,0.0,0.0,0.0,0.0,0.0,0.0,0.0,0.0,0.0,0.0,0.0,0.0,0.0,0.0,0.0
100,HH200,21681806059.82857,3.235512892921245,0.0,158168018.0793571,275489243.2673966,28350523.36134718,667005321.5998772,0.0,8480858.878249709,7366022.547256594,27524779.96247299,0.0,0.0,0.0,0.0,12339649667.853327,7859546057.922786,486087614.137273,0.0,0.0,21.1506,964744001.5000784,31778718.41510371,1.6843318622855583,1.3347955543763905,0.09951279252125295,0.0,0.11314565972473664,0.003727024013305828,0.0,0.0,0.0,0.0,0.0,0.0,0.0,0.0,0.0,0.0,0.0,0.0,0.0,0.0,0.0,0.0,0.0,0.0,0.0,0.0,0.0,0.0,0.0,0.0,0.0,0.0,0.0,0.0,0.0,0.0,0.0,0.0,0.0,0.0,0.0,0.0,0.0,0.0,0.0,0.0,0.0,0.0,0.0,0.0,0.0,0.0,0.0,0.0,0.0,0.0,0.0,0.0,0.0,0.0,0.0,0.0,0.0,0.0,0.0,0.0,0.0,0.0,0.0,748800.0,0.0,0.0,0.0,0.0,0.0,743600.0,743600.0,0.0,0.0,0.0,0.0,733200.0,748800.0,0.0,0.0,0.0,0.0,743600.0,738400.0,748800.0,0.0,0.0,0.0,743600.0,743600.0,0.0,0.0,0.0,0.0,301258.8782497083,743600.0,0.0,0.0,0.0,0.0,0.0,0.0,0.0,0.0,0.0,0.0,0.0,0.0,0.0,0.0,0.0,0.0,0.0
100,HH201,22150430530.07017,3.287004524603903,0.0,157456393.1678911,274254909.9741887,27982719.53524895,667005321.5998772,0.0,8442702.04653572,7333018.983267079,27167688.86917374,0.0,0.0,0.0,0.0,12284131477.70947,7824331255.145973,479781385.4296082,0.0,0.0,21.1506,1535981009.250677,26205402.53444432,1.6767537657339735,1.328814984780091,0.09822176923506779,0.0,0.1801406221195567,0.0030733827352143915,0.0,0.0,0.0,0.0,0.0,0.0,0.0,0.0,0.0,0.0,0.0,0.0,0.0,0.0,0.0,0.0,0.0,0.0,0.0,0.0,0.0,0.0,0.0,0.0,0.0,0.0,0.0,0.0,0.0,0.0,0.0,0.0,0.0,0.0,0.0,0.0,0.0,0.0,0.0,0.0,0.0,0.0,0.0,0.0,0.0,0.0,0.0,0.0,0.0,0.0,0.0,0.0,0.0,0.0,0.0,0.0,0.0,0.0,0.0,0.0,0.0,0.0,0.0,748800.0,748800.0,0.0,0.0,0.0,0.0,743600.0,743600.0,0.0,0.0,0.0,0.0,733200.0,748800.0,0.0,0.0,0.0,0.0,273502.0465357187,738400.0,0.0,0.0,0.0,0.0,743600.0,743600.0,0.0,0.0,0.0,0.0,733200.0,743600.0,0.0,0.0,0.0,0.0,0.0,0.0,0.0,0.0,0.0,0.0,0.0,0.0,0.0,0.0,0.0,0.0,0.0
100,HH202,22607976971.71664,3.339521082107122,0.0,157150605.1628104,273537535.7127658,28242348.56879908,667005321.5998772,0.0,8426305.906853106,7313837.853282507,27419755.89203794,0.0,0.0,0.0,0.0,12260275094.47127,7803864989.452435,484232889.05339,0.0,0.0,21.1506,2054655586.050723,4948412.688818399,1.6734974280348833,1.3253391758388249,0.09913308963006945,0.0,0.2409710362845988,0.0005803523187457414,0.0,0.0,0.0,0.0,0.0,0.0,0.0,0.0,0.0,0.0,0.0,0.0,0.0,0.0,0.0,0.0,0.0,0.0,0.0,0.0,0.0,0.0,0.0,0.0,0.0,0.0,0.0,0.0,0.0,0.0,0.0,0.0,0.0,0.0,0.0,0.0,0.0,0.0,0.0,0.0,0.0,0.0,0.0,0.0,0.0,0.0,0.0,0.0,0.0,0.0,0.0,0.0,0.0,0.0,0.0,0.0,0.0,748800.0,748800.0,0.0,0.0,0.0,0.0,748800.0,748800.0,0.0,0.0,0.0,0.0,743600.0,743600.0,0.0,0.0,260000.0,0.0,0.0,748800.0,0.0,0.0,0.0,0.0,0.0,738400.0,0.0,0.0,0.0,0.0,0.0,743600.0,0.0,0.0,0.0,0.0,709505.906853105,743600.0,0.0,0.0,0.0,0.0,0.0,0.0,0.0,0.0,0.0,0.0,0.0,0.0,0.0,0.0,0.0,0.0,0.0
100,HI197,21408932354.63822,3.197562932247822,0.0,157251706.451297,273899875.1448866,26889391.83170325,667005321.5998772,0.0,8431726.88746901,7323526.073392688,26106205.66184781,0.0,0.0,0.0,0.0,12268162621.26741,7814202320.3099985,461035591.9882324,0.0,0.0,21.1506,786674181.169261,78857639.90331623,1.6745740560636337,1.327094776374925,0.09438409429926682,0.0,0.09226154200328114,0.009248463506715782,0.0,0.0,0.0,0.0,0.0,0.0,0.0,0.0,0.0,0.0,0.0,0.0,0.0,0.0,0.0,0.0,0.0,0.0,0.0,0.0,0.0,0.0,0.0,0.0,0.0,0.0,0.0,0.0,0.0,0.0,0.0,0.0,0.0,0.0,0.0,0.0,0.0,0.0,0.0,0.0,0.0,0.0,0.0,0.0,0.0,0.0,0.0,0.0,0.0,0.0,0.0,0.0,0.0,0.0,0.0,0.0,0.0,0.0,0.0,0.0,0.0,0.0,0.0,0.0,0.0,0.0,0.0,0.0,702000.0,527726.88746901,0.0,0.0,0.0,0.0,738400.0,733200.0,0.0,0.0,0.0,0.0,613600.0,743600.0,0.0,0.0,0.0,0.0,665600.0,743600.0,0.0,0.0,0.0,0.0,748800.0,733200.0,0.0,0.0,0.0,738400.0,743600.0,0.0,0.0,0.0,0.0,0.0,0.0,0.0,0.0,0.0,0.0,0.0,0.0,0.0
100,HI198,21303113495.41706,3.186812890996483,0.0,157560312.4316662,274435160.8409255,27153027.51507178,667005321.5998772,0.0,8448274.125022314,7337838.525158434,26362162.63599202,0.0,0.0,0.0,0.0,12292238851.907467,7829473706.344049,465555792.1516191,0.0,0.0,21.1506,656763468.3303123,59081676.68361127,1.6778604023929329,1.3296883330558313,0.09530947838215893,0.0,0.07702554853079675,0.006929128634763782,0.0,0.0,0.0,0.0,0.0,0.0,0.0,0.0,0.0,0.0,0.0,0.0,0.0,0.0,0.0,0.0,0.0,0.0,0.0,0.0,0.0,0.0,0.0,0.0,0.0,0.0,0.0,0.0,0.0,0.0,0.0,0.0,0.0,0.0,0.0,0.0,0.0,0.0,0.0,0.0,0.0,0.0,0.0,0.0,0.0,0.0,0.0,0.0,0.0,0.0,0.0,0.0,0.0,0.0,0.0,0.0,0.0,0.0,0.0,0.0,0.0,0.0,0.0,0.0,0.0,0.0,0.0,0.0,0.0,0.0,0.0,0.0,0.0,0.0,738400.0,733200.0,0.0,0.0,0.0,0.0,613600.0,743600.0,0.0,0.0,0.0,0.0,665600.0,743600.0,743600.0,0.0,0.0,0.0,748800.0,733200.0,743600.0,0.0,0.0,738400.0,502674.1250223151,0.0,0.0,0.0,0.0,0.0,0.0,0.0,0.0,0.0,0.0,0.0,0.0,0.0
100,HI199,21439832589.78688,3.203744187708411,0.0,157654253.0046469,274598103.3896542,27494323.33229916,667005321.5998772,0.0,8453311.153064178,7342195.277798241,26693517.7983487,0.0,0.0,0.0,0.0,12299567727.70838,7834122361.410723,471407524.318838,0.0,0.0,21.1506,795434429.6181544,39300546.73079099,1.678860775933388,1.330477819378718,0.09650745626127015,0.0,0.09328894832927173,0.004609187805764062,0.0,0.0,0.0,0.0,0.0,0.0,0.0,0.0,0.0,0.0,0.0,0.0,0.0,0.0,0.0,0.0,0.0,0.0,0.0,0.0,0.0,0.0,0.0,0.0,0.0,0.0,0.0,0.0,0.0,0.0,0.0,0.0,0.0,0.0,0.0,0.0,0.0,0.0,0.0,0.0,0.0,0.0,0.0,0.0,0.0,0.0,0.0,0.0,0.0,0.0,0.0,0.0,0.0,0.0,0.0,0.0,0.0,0.0,0.0,0.0,0.0,0.0,0.0,0.0,0.0,0.0,0.0,0.0,0.0,743600.0,0.0,0.0,0.0,0.0,0.0,733200.0,0.0,0.0,0.0,0.0,372511.1530641785,743600.0,738400.0,0.0,0.0,0.0,665600.0,743600.0,743600.0,0.0,0.0,0.0,748800.0,733200.0,743600.0,0.0,0.0,0.0,743600.0,0.0,0.0,0.0,0.0,0.0,0.0,0.0,0.0,0.0,0.0,0.0,0.0,0.0
100,HI200,21750409420.46056,3.243969814801304,0.0,158354916.0496199,275813423.019133,28113641.77712774,667005321.5998772,0.0,8490880.217137799,7374690.455057032,27294797.84187159,0.0,0.0,0.0,0.0,12354230715.935497,7868794715.545854,482026129.88745224,0.0,0.0,21.1506,1024676543.287727,20681315.80403487,1.6863221395244898,1.3363662643115752,0.09868131764362605,0.0,0.12017457824509012,0.002425515076522564,0.0,0.0,0.0,0.0,0.0,0.0,0.0,0.0,0.0,0.0,0.0,0.0,0.0,0.0,0.0,0.0,0.0,0.0,0.0,0.0,0.0,0.0,0.0,0.0,0.0,0.0,0.0,0.0,0.0,0.0,0.0,0.0,0.0,0.0,0.0,0.0,0.0,0.0,0.0,0.0,0.0,0.0,0.0,0.0,0.0,0.0,0.0,0.0,0.0,0.0,0.0,0.0,0.0,0.0,0.0,0.0,0.0,0.0,0.0,0.0,0.0,0.0,0.0,0.0,0.0,0.0,0.0,0.0,0.0,743600.0,0.0,0.0,0.0,0.0,0.0,733200.0,748800.0,0.0,0.0,0.0,0.0,743600.0,738400.0,0.0,0.0,0.0,0.0,743600.0,743600.0,717600.0,0.0,0.0,358080.2171377986,733200.0,743600.0,0.0,0.0,0.0,743600.0,0.0,0.0,0.0,0.0,0.0,0.0,0.0,0.0,0.0,0.0,0.0,0.0,0.0
100,HI201,22195445000.43938,3.296583316718139,0.0,158401154.5166478,275893624.932191,28267014.25413714,667005321.5998772,0.0,8493359.491509264,7376834.891235054,27443703.15935645,0.0,0.0,0.0,0.0,12357838060.145979,7871082828.947803,484655797.7942349,0.0,0.0,21.1506,1480461832.016417,1406481.534951958,1.6868145331463102,1.336754857186319,0.09921966832197424,0.0,0.17362930520462644,0.00016495285890905494,0.0,0.0,0.0,0.0,0.0,0.0,0.0,0.0,0.0,0.0,0.0,0.0,0.0,0.0,0.0,0.0,0.0,0.0,0.0,0.0,0.0,0.0,0.0,0.0,0.0,0.0,0.0,0.0,0.0,0.0,0.0,0.0,0.0,0.0,0.0,0.0,0.0,0.0,0.0,0.0,0.0,0.0,0.0,0.0,0.0,0.0,0.0,0.0,0.0,0.0,0.0,0.0,0.0,0.0,0.0,0.0,0.0,0.0,0.0,0.0,0.0,0.0,0.0,0.0,0.0,0.0,0.0,0.0,0.0,743600.0,743600.0,0.0,0.0,0.0,0.0,733200.0,748800.0,0.0,0.0,0.0,0.0,743600.0,738400.0,0.0,0.0,0.0,0.0,743600.0,743600.0,717600.0,0.0,0.0,0.0,733200.0,743600.0,0.0,0.0,0.0,360559.4915092647,0.0,0.0,0.0,0.0,0.0,0.0,0.0,0.0,0.0,0.0,0.0,0.0,0.0
100,HI202,22702784093.64489,3.354670934253484,0.0,157986557.7470691,275174495.2506666,28458018.4381157,667005321.5998772,0.0,8471129.101719525,7357606.824884134,27629144.11467544,0.0,0.0,0.0,0.0,12325492843.00191,7850566482.151371,487930685.06516826,0.0,0.0,21.1506,2035272182.252616,3521901.173826112,1.6823994904753472,1.3332705429149734,0.09989010955117793,0.0,0.23869774097824012,0.00041305033374477773,0.0,0.0,0.0,0.0,0.0,0.0,0.0,0.0,0.0,0.0,0.0,0.0,0.0,0.0,0.0,0.0,0.0,0.0,0.0,0.0,0.0,0.0,0.0,0.0,0.0,0.0,0.0,0.0,0.0,0.0,0.0,0.0,0.0,0.0,0.0,0.0,0.0,0.0,0.0,0.0,0.0,0.0,0.0,0.0,0.0,0.0,0.0,0.0,0.0,0.0,0.0,0.0,0.0,0.0,0.0,0.0,0.0,0.0,0.0,0.0,0.0,0.0,0.0,748800.0,748800.0,0.0,0.0,0.0,0.0,743600.0,743600.0,0.0,0.0,0.0,0.0,0.0,748800.0,0.0,0.0,0.0,0.0,317529.1017195238,738400.0,0.0,0.0,0.0,0.0,743600.0,743600.0,717600.0,0.0,0.0,0.0,733200.0,743600.0,0.0,0.0,0.0,0.0,0.0,0.0,0.0,0.0,0.0,0.0,0.0,0.0,0.0,0.0,0.0,0.0,0.0
100,HJ197,21444855783.85976,3.203875209003603,0.0,157715790.9046555,274704842.5967151,27020490.13910103,667005321.5998772,0.0,8456610.772367585,7345049.267291848,26233485.57194275,0.0,0.0,0.0,0.0,12304368673.794836,7837167568.200401,463283355.20050895,0.0,0.0,21.1506,762209806.4317112,77826380.23230694,1.6795160932787097,1.3309949902757472,0.09484426071304632,0.0,0.08939234788014669,0.009127516855954098,0.0,0.0,0.0,0.0,0.0,0.0,0.0,0.0,0.0,0.0,0.0,0.0,0.0,0.0,0.0,0.0,0.0,0.0,0.0,0.0,0.0,0.0,0.0,0.0,0.0,0.0,0.0,0.0,0.0,0.0,0.0,0.0,0.0,0.0,0.0,0.0,0.0,0.0,0.0,0.0,0.0,0.0,0.0,0.0,0.0,0.0,0.0,0.0,0.0,0.0,0.0,0.0,0.0,0.0,0.0,0.0,0.0,0.0,0.0,0.0,0.0,0.0,0.0,0.0,0.0,0.0,0.0,0.0,0.0,0.0,0.0,0.0,0.0,0.0,738400.0,0.0,0.0,0.0,0.0,0.0,613600.0,743600.0,0.0,0.0,0.0,0.0,665600.0,743600.0,563010.7723675852,0.0,0.0,0.0,748800.0,733200.0,743600.0,0.0,0.0,738400.0,743600.0,0.0,0.0,681200.0,0.0,0.0,0.0,0.0,0.0,0.0,0.0,0.0,0.0,0.0
100,HJ198,21341277415.88895,3.19271109912549,0.0,157874737.4494832,274980539.8200137,27241921.47548756,667005321.5998772,0.0,8465133.375307411,7352420.850802505,26448467.45192967,0.0,0.0,0.0,0.0,12316769061.072283,7845033047.806273,467079935.201078,0.0,0.0,21.1506,654615034.0897466,57780337.71956422,1.681208715675478,1.3323307935312507,0.09562150388258792,0.0,0.07677357908693803,0.006776506949235119,0.0,0.0,0.0,0.0,0.0,0.0,0.0,0.0,0.0,0.0,0.0,0.0,0.0,0.0,0.0,0.0,0.0,0.0,0.0,0.0,0.0,0.0,0.0,0.0,0.0,0.0,0.0,0.0,0.0,0.0,0.0,0.0,0.0,0.0,0.0,0.0,0.0,0.0,0.0,0.0,0.0,0.0,0.0,0.0,0.0,0.0,0.0,0.0,0.0,0.0,0.0,0.0,0.0,0.0,0.0,0.0,0.0,0.0,0.0,0.0,0.0,0.0,0.0,0.0,0.0,0.0,0.0,0.0,0.0,0.0,0.0,0.0,0.0,0.0,503933.3753074112,0.0,0.0,0.0,0.0,0.0,613600.0,743600.0,0.0,0.0,0.0,0.0,665600.0,743600.0,743600.0,0.0,0.0,0.0,748800.0,733200.0,743600.0,0.0,0.0,738400.0,743600.0,743600.0,0.0,0.0,0.0,0.0,0.0,0.0,0.0,0.0,0.0,0.0,0.0,0.0
100,HJ199,21472623518.28592,3.209095994575226,0.0,158035026.3301502,275258565.362333,27457644.97084459,667005321.5998772,0.0,8473727.95335926,7359854.688832434,26657907.73868407,0.0,0.0,0.0,0.0,12329274172.137722,7852964952.984207,470778650.66516066,0.0,0.0,21.1506,781471280.4007035,38134462.0981236,1.6829156326120103,1.3336778779164322,0.09637871203574293,0.0,0.09165134319507356,0.0044724288159668935,0.0,0.0,0.0,0.0,0.0,0.0,0.0,0.0,0.0,0.0,0.0,0.0,0.0,0.0,0.0,0.0,0.0,0.0,0.0,0.0,0.0,0.0,0.0,0.0,0.0,0.0,0.0,0.0,0.0,0.0,0.0,0.0,0.0,0.0,0.0,0.0,0.0,0.0,0.0,0.0,0.0,0.0,0.0,0.0,0.0,0.0,0.0,0.0,0.0,0.0,0.0,0.0,0.0,0.0,0.0,0.0,0.0,0.0,0.0,0.0,0.0,0.0,0.0,0.0,0.0,0.0,0.0,0.0,0.0,0.0,0.0,0.0,0.0,0.0,0.0,0.0,0.0,0.0,0.0,0.0,387727.9533592585,743600.0,738400.0,0.0,0.0,0.0,665600.0,743600.0,743600.0,0.0,0.0,0.0,748800.0,733200.0,743600.0,0.0,0.0,738400.0,743600.0,743600.0,0.0,0.0,0.0,0.0,0.0,0.0,0.0,0.0,0.0,0.0,0.0,0.0
100,HJ200,21825985602.82355,3.253881176450974,0.0,158688290.091488,276391669.6099125,27900875.38784259,667005321.5998772,0.0,8508755.500884075,7390151.593847928,27088228.53188601,0.0,0.0,0.0,0.0,12380239253.78633,7885291750.635738,478378115.87310696,0.0,0.0,21.1506,1063450536.435412,18625946.09295822,1.6898722410405598,1.3391679743513265,0.09793448918890707,0.0,0.12472201158288308,0.0021844602872972277,0.0,0.0,0.0,0.0,0.0,0.0,0.0,0.0,0.0,0.0,0.0,0.0,0.0,0.0,0.0,0.0,0.0,0.0,0.0,0.0,0.0,0.0,0.0,0.0,0.0,0.0,0.0,0.0,0.0,0.0,0.0,0.0,0.0,0.0,0.0,0.0,0.0,0.0,0.0,0.0,0.0,0.0,0.0,0.0,0.0,0.0,0.0,0.0,0.0,0.0,0.0,0.0,0.0,0.0,0.0,0.0,0.0,0.0,0.0,0.0,0.0,0.0,0.0,0.0,0.0,0.0,0.0,0.0,0.0,0.0,0.0,0.0,0.0,0.0,0.0,0.0,0.0,0.0,0.0,0.0,0.0,743600.0,738400.0,0.0,0.0,0.0,396755.5008840739,743600.0,743600.0,0.0,0.0,0.0,748800.0,733200.0,743600.0,691600.0,0.0,738400.0,743600.0,743600.0,0.0,0.0,0.0,0.0,0.0,0.0,0.0,0.0,0.0,0.0,0.0,0.0
100,HJ201,22254635834.13133,3.304623118344372,0.0,158728861.0892335,276462041.1391399,28103177.2759378,667005321.5998772,0.0,8510930.88950314,7392033.185538501,27284638.13197845,0.0,0.0,0.0,0.0,12383404444.227068,7887299408.96958,481846709.4107394,0.0,0.0,21.1506,1500906255.122021,1179016.401923788,1.690304281759141,1.3395089372261502,0.09864458633808787,0.0,0.1760270373868203,0.00013827563417292873,0.0,0.0,0.0,0.0,0.0,0.0,0.0,0.0,0.0,0.0,0.0,0.0,0.0,0.0,0.0,0.0,0.0,0.0,0.0,0.0,0.0,0.0,0.0,0.0,0.0,0.0,0.0,0.0,0.0,0.0,0.0,0.0,0.0,0.0,0.0,0.0,0.0,0.0,0.0,0.0,0.0,0.0,0.0,0.0,0.0,0.0,0.0,0.0,0.0,0.0,0.0,0.0,0.0,0.0,0.0,0.0,0.0,0.0,0.0,0.0,0.0,0.0,0.0,0.0,0.0,0.0,0.0,0.0,0.0,0.0,0.0,0.0,0.0,0.0,0.0,0.0,748800.0,0.0,0.0,0.0,0.0,743600.0,738400.0,0.0,0.0,0.0,0.0,743600.0,743600.0,717600.0,0.0,0.0,748800.0,733200.0,743600.0,0.0,0.0,362530.8895031399,743600.0,743600.0,0.0,0.0,0.0,0.0,0.0,0.0,0.0,0.0,0.0,0.0,0.0,0.0
100,HK197,21598293946.46464,3.222031434442442,0.0,157738509.5205537,274744248.6707956,27065700.52789399,667005321.5998772,0.0,8457828.928716015,7346102.905636246,26277379.15329513,0.0,0.0,0.0,0.0,12306141091.281801,7838291800.313875,464058515.847192,0.0,0.0,21.1506,908394710.4184282,81407828.60334693,1.6797580239110148,1.3311859198811073,0.09500295309351547,0.0,0.10653698664199032,0.009547550914814601,0.0,0.0,0.0,0.0,0.0,0.0,0.0,0.0,0.0,0.0,0.0,0.0,0.0,0.0,0.0,0.0,0.0,0.0,0.0,0.0,0.0,0.0,0.0,0.0,0.0,0.0,0.0,0.0,0.0,0.0,0.0,0.0,0.0,0.0,0.0,0.0,0.0,0.0,0.0,0.0,0.0,0.0,0.0,0.0,0.0,0.0,0.0,0.0,0.0,0.0,0.0,0.0,0.0,0.0,0.0,0.0,0.0,0.0,0.0,0.0,0.0,0.0,0.0,0.0,0.0,0.0,0.0,0.0,0.0,0.0,0.0,0.0,0.0,0.0,559028.9287160146,0.0,0.0,0.0,0.0,0.0,613600.0,743600.0,0.0,0.0,0.0,0.0,665600.0,743600.0,743600.0,0.0,0.0,0.0,748800.0,733200.0,743600.0,0.0,0.0,738400.0,743600.0,0.0,0.0,681200.0,0.0,0.0,0.0,0.0,0.0,0.0,0.0,0.0,0.0,0.0
100,HK198,21455125553.7853,3.208075304063385,0.0,158402623.9772676,275896173.7526958,27140441.26853834,667005321.5998772,0.0,8493438.282963408,7376903.041515931,26349942.97916344,0.0,0.0,0.0,0.0,12357952701.71176,7871155545.297498,465339993.01202637,0.0,0.0,21.1506,697909908.3349035,62767405.4291076,1.6868301814383755,1.3367672066858436,0.09526529956669443,0.0,0.08185122362429811,0.007361392748173327,0.0,0.0,0.0,0.0,0.0,0.0,0.0,0.0,0.0,0.0,0.0,0.0,0.0,0.0,0.0,0.0,0.0,0.0,0.0,0.0,0.0,0.0,0.0,0.0,0.0,0.0,0.0,0.0,0.0,0.0,0.0,0.0,0.0,0.0,0.0,0.0,0.0,0.0,0.0,0.0,0.0,0.0,0.0,0.0,0.0,0.0,0.0,0.0,0.0,0.0,0.0,0.0,0.0,0.0,0.0,0.0,0.0,0.0,0.0,0.0,0.0,0.0,0.0,0.0,0.0,0.0,0.0,0.0,0.0,0.0,0.0,0.0,0.0,0.0,0.0,0.0,0.0,0.0,0.0,0.0,558238.2829634073,0.0,0.0,0.0,0.0,0.0,665600.0,743600.0,743600.0,0.0,0.0,0.0,748800.0,733200.0,743600.0,0.0,0.0,738400.0,743600.0,743600.0,0.0,681200.0,650000.0,0.0,0.0,0.0,0.0,0.0,0.0,0.0,0.0,0.0
100,HK199,21613436031.42938,3.226032973547477,0.0,158218259.9421641,275576389.1822968,27238341.85874767,667005321.5998772,0.0,8483552.811912285,7368352.651933069,26444992.09587152,0.0,0.0,0.0,0.0,12343569341.332375,7862032279.612585,467018560.41309106,0.0,0.0,21.1506,896352357.1150389,44463492.95629136,1.6848668880851738,1.3352177922046675,0.09560893911778967,0.0,0.10512465341469712,0.005214700725149166,0.0,0.0,0.0,0.0,0.0,0.0,0.0,0.0,0.0,0.0,0.0,0.0,0.0,0.0,0.0,0.0,0.0,0.0,0.0,0.0,0.0,0.0,0.0,0.0,0.0,0.0,0.0,0.0,0.0,0.0,0.0,0.0,0.0,0.0,0.0,0.0,0.0,0.0,0.0,0.0,0.0,0.0,0.0,0.0,0.0,0.0,0.0,0.0,0.0,0.0,0.0,0.0,0.0,0.0,0.0,0.0,0.0,0.0,0.0,0.0,0.0,0.0,0.0,0.0,0.0,0.0,0.0,0.0,0.0,0.0,0.0,0.0,0.0,0.0,0.0,0.0,0.0,0.0,0.0,0.0,0.0,743600.0,304740.1257858374,0.0,0.0,0.0,665600.0,743600.0,743600.0,0.0,0.0,0.0,748800.0,733200.0,743600.0,0.0,0.0,738400.0,743600.0,743600.0,0.0,681200.0,150012.6861264468,0.0,0.0,0.0,0.0,0.0,0.0,0.0,0.0,0.0
100,HK200,22003600284.43778,3.271638976919974,0.0,158124621.8222721,275413971.2469016,27392575.78380212,667005321.5998772,0.0,8478532.001194216,7364009.926387745,26594733.77068167,0.0,0.0,0.0,0.0,12336264061.737585,7857398591.455724,469662998.39023834,0.0,0.0,21.1506,1310344228.170417,29930404.68381231,1.6838697353688803,1.3344308477289222,0.09615031355338854,0.0,0.15367782741568112,0.0035102528531015856,0.0,0.0,0.0,0.0,0.0,0.0,0.0,0.0,0.0,0.0,0.0,0.0,0.0,0.0,0.0,0.0,0.0,0.0,0.0,0.0,0.0,0.0,0.0,0.0,0.0,0.0,0.0,0.0,0.0,0.0,0.0,0.0,0.0,0.0,0.0,0.0,0.0,0.0,0.0,0.0,0.0,0.0,0.0,0.0,0.0,0.0,0.0,0.0,0.0,0.0,0.0,0.0,0.0,0.0,0.0,0.0,0.0,0.0,0.0,0.0,0.0,0.0,0.0,0.0,0.0,0.0,0.0,0.0,0.0,0.0,0.0,0.0,0.0,0.0,0.0,0.0,0.0,0.0,0.0,0.0,0.0,743600.0,738400.0,0.0,0.0,0.0,665600.0,743600.0,743600.0,0.0,0.0,0.0,748800.0,733200.0,743600.0,0.0,0.0,738400.0,743600.0,743600.0,0.0,392532.0011942154,0.0,0.0,0.0,0.0,0.0,0.0,0.0,0.0,0.0,0.0
100,HL197,21813400828.54421,3.250094007742939,0.0,158402623.9772675,275896173.7526958,27140441.2685384,667005321.5998772,0.0,8493438.282963406,7376903.041515931,26349942.97916349,0.0,0.0,0.0,0.0,12357952701.711756,7871155545.297498,465339993.01202726,0.0,0.0,21.1506,1031957119.8515,86995468.67143016,1.686830181438375,1.3367672066858436,0.0952652995666946,0.0,0.12102844791124373,0.01020287214078192,0.0,0.0,0.0,0.0,0.0,0.0,0.0,0.0,0.0,0.0,0.0,0.0,0.0,0.0,0.0,0.0,0.0,0.0,0.0,0.0,0.0,0.0,0.0,0.0,0.0,0.0,0.0,0.0,0.0,0.0,0.0,0.0,0.0,0.0,0.0,0.0,0.0,0.0,0.0,0.0,0.0,0.0,0.0,0.0,0.0,0.0,0.0,0.0,0.0,0.0,0.0,0.0,0.0,0.0,0.0,0.0,0.0,0.0,0.0,0.0,0.0,0.0,0.0,0.0,0.0,0.0,0.0,0.0,0.0,0.0,0.0,0.0,0.0,0.0,0.0,0.0,0.0,0.0,0.0,0.0,558238.2829634064,0.0,0.0,0.0,0.0,0.0,665600.0,743600.0,743600.0,0.0,0.0,0.0,748800.0,733200.0,743600.0,0.0,0.0,738400.0,743600.0,743600.0,0.0,681200.0,650000.0,0.0,0.0,0.0,0.0,0.0,0.0,0.0,0.0,0.0
100,HL198,21728437877.67516,3.240129510308084,0.0,158402623.9772676,275896173.7526957,27140441.2685384,667005321.5998772,0.0,8493438.282963408,7376903.041515928,26349942.97916349,0.0,0.0,0.0,0.0,12357952701.71176,7871155545.297495,465339993.01202726,0.0,0.0,21.1506,963686682.4195107,70302955.23436655,1.6868301814383755,1.336767206685843,0.0952652995666946,0.0,0.11302165681336909,0.008245165803801458,0.0,0.0,0.0,0.0,0.0,0.0,0.0,0.0,0.0,0.0,0.0,0.0,0.0,0.0,0.0,0.0,0.0,0.0,0.0,0.0,0.0,0.0,0.0,0.0,0.0,0.0,0.0,0.0,0.0,0.0,0.0,0.0,0.0,0.0,0.0,0.0,0.0,0.0,0.0,0.0,0.0,0.0,0.0,0.0,0.0,0.0,0.0,0.0,0.0,0.0,0.0,0.0,0.0,0.0,0.0,0.0,0.0,0.0,0.0,0.0,0.0,0.0,0.0,0.0,0.0,0.0,0.0,0.0,0.0,0.0,0.0,0.0,0.0,0.0,0.0,0.0,0.0,0.0,0.0,0.0,558238.2829634075,0.0,0.0,0.0,0.0,0.0,665600.0,743600.0,743600.0,0.0,0.0,0.0,748800.0,733200.0,743600.0,0.0,0.0,738400.0,743600.0,743600.0,0.0,681200.0,650000.0,0.0,0.0,0.0,0.0,0.0,0.0,0.0,0.0,0.0
100,HL199,21856825940.42064,3.258377181051741,0.0,159139823.8639151,277174867.5549739,27252464.26622454,667005321.5998772,0.0,8532966.42701958,7411092.715373634,26458703.17109179,0.0,0.0,0.0,0.0,12415466151.313488,7907635927.303668,467260698.00148106,0.0,0.0,21.1506,1011788989.326708,54674174.47529478,1.694680626003792,1.3429627110273066,0.0956585099912171,0.0,0.11866311946131916,0.006412214568106938,0.0,0.0,0.0,0.0,0.0,0.0,0.0,0.0,0.0,0.0,0.0,0.0,0.0,0.0,0.0,0.0,0.0,0.0,0.0,0.0,0.0,0.0,0.0,0.0,0.0,0.0,0.0,0.0,0.0,0.0,0.0,0.0,0.0,0.0,0.0,0.0,0.0,0.0,0.0,0.0,0.0,0.0,0.0,0.0,0.0,0.0,0.0,0.0,0.0,0.0,0.0,0.0,0.0,0.0,0.0,0.0,0.0,0.0,0.0,0.0,0.0,0.0,0.0,0.0,0.0,0.0,0.0,0.0,0.0,0.0,0.0,0.0,0.0,0.0,0.0,0.0,0.0,0.0,0.0,0.0,0.0,0.0,0.0,0.0,0.0,0.0,665600.0,743600.0,743600.0,0.0,0.0,0.0,748800.0,733200.0,743600.0,0.0,0.0,738400.0,743600.0,743600.0,0.0,681200.0,650000.0,597766.4270195789,0.0,0.0,0.0,0.0,0.0,0.0,0.0,0.0
100,HL200,22244831539.9804,3.301185306243196,0.0,158485722.4346229,276040310.3489211,27241965.51043715,667005321.5998772,0.0,8497893.964322941,7380756.9612011,26448510.20430791,0.0,0.0,0.0,0.0,12364435718.08988,7875267677.601573,467080690.20807767,0.0,0.0,21.1506,1493664196.064463,44383258.01640845,1.6877150972458184,1.3374655747440032,0.09562165844907496,0.0,0.17517768507308853,0.005205290731210969,0.0,0.0,0.0,0.0,0.0,0.0,0.0,0.0,0.0,0.0,0.0,0.0,0.0,0.0,0.0,0.0,0.0,0.0,0.0,0.0,0.0,0.0,0.0,0.0,0.0,0.0,0.0,0.0,0.0,0.0,0.0,0.0,0.0,0.0,0.0,0.0,0.0,0.0,0.0,0.0,0.0,0.0,0.0,0.0,0.0,0.0,0.0,0.0,0.0,0.0,0.0,0.0,0.0,0.0,0.0,0.0,0.0,0.0,0.0,0.0,0.0,0.0,0.0,0.0,0.0,0.0,0.0,0.0,0.0,0.0,0.0,0.0,0.0,0.0,0.0,0.0,0.0,0.0,0.0,0.0,0.0,0.0,562693.9643229421,0.0,0.0,0.0,665600.0,743600.0,743600.0,0.0,0.0,0.0,748800.0,733200.0,743600.0,0.0,0.0,738400.0,743600.0,743600.0,0.0,681200.0,650000.0,0.0,0.0,0.0,0.0,0.0,0.0,0.0,0.0,0.0
100,HM197,22152378210.78932,3.291974452178954,0.0,158923378.4668728,276799436.9658723,27133814.71432405,667005321.5998772,0.0,8521360.775703633,7401054.464328137,26343509.43138257,0.0,0.0,0.0,0.0,12398579928.648787,7896925113.438123,465226376.5582162,0.0,0.0,21.1506,1295109367.584234,96537424.5599647,1.6923756980979456,1.341143681451537,0.09524203978745673,0.0,0.15189107533517293,0.011321957506841581,0.0,0.0,0.0,0.0,0.0,0.0,0.0,0.0,0.0,0.0,0.0,0.0,0.0,0.0,0.0,0.0,0.0,0.0,0.0,0.0,0.0,0.0,0.0,0.0,0.0,0.0,0.0,0.0,0.0,0.0,0.0,0.0,0.0,0.0,0.0,0.0,0.0,0.0,0.0,0.0,0.0,0.0,0.0,0.0,0.0,0.0,0.0,0.0,0.0,0.0,0.0,0.0,0.0,0.0,0.0,0.0,0.0,0.0,0.0,0.0,0.0,0.0,0.0,0.0,0.0,0.0,0.0,0.0,0.0,0.0,0.0,0.0,0.0,0.0,0.0,0.0,0.0,0.0,0.0,0.0,81760.77570363377,0.0,0.0,0.0,0.0,0.0,665600.0,743600.0,743600.0,0.0,0.0,0.0,748800.0,733200.0,743600.0,0.0,0.0,738400.0,743600.0,743600.0,0.0,681200.0,650000.0,0.0,0.0,504400.0,0.0,0.0,0.0,0.0,0.0,0.0
100,HM198,22074673665.69584,3.282861224209107,0.0,158923378.4668728,276799436.9658723,27133814.71432403,667005321.5998772,0.0,8521360.775703633,7401054.464328137,26343509.43138256,0.0,0.0,0.0,0.0,12398579928.648787,7896925113.438123,465226376.558216,0.0,0.0,21.1506,1233252715.302366,80689531.74835105,1.6923756980979456,1.341143681451537,0.09524203978745668,0.0,0.1446364961722933,0.009463308699874325,0.0,0.0,0.0,0.0,0.0,0.0,0.0,0.0,0.0,0.0,0.0,0.0,0.0,0.0,0.0,0.0,0.0,0.0,0.0,0.0,0.0,0.0,0.0,0.0,0.0,0.0,0.0,0.0,0.0,0.0,0.0,0.0,0.0,0.0,0.0,0.0,0.0,0.0,0.0,0.0,0.0,0.0,0.0,0.0,0.0,0.0,0.0,0.0,0.0,0.0,0.0,0.0,0.0,0.0,0.0,0.0,0.0,0.0,0.0,0.0,0.0,0.0,0.0,0.0,0.0,0.0,0.0,0.0,0.0,0.0,0.0,0.0,0.0,0.0,0.0,0.0,0.0,0.0,0.0,0.0,81760.77570363389,0.0,0.0,0.0,0.0,0.0,665600.0,743600.0,743600.0,0.0,0.0,0.0,748800.0,733200.0,743600.0,0.0,0.0,738400.0,743600.0,743600.0,0.0,681200.0,650000.0,0.0,0.0,504400.0,0.0,0.0,0.0,0.0,0.0,0.0
100,HM199,22217872722.83428,3.300720928537257,0.0,159139823.8639151,277174867.554974,27252464.26622454,667005321.5998772,0.0,8532966.42701958,7411092.715373635,26458703.17109179,0.0,0.0,0.0,0.0,12415466151.313488,7907635927.303669,467260698.00148106,0.0,0.0,21.1506,1359039137.652957,68470808.56268594,1.694680626003792,1.3429627110273066,0.0956585099912171,0.0,0.15938879079049498,0.008030290724446257,0.0,0.0,0.0,0.0,0.0,0.0,0.0,0.0,0.0,0.0,0.0,0.0,0.0,0.0,0.0,0.0,0.0,0.0,0.0,0.0,0.0,0.0,0.0,0.0,0.0,0.0,0.0,0.0,0.0,0.0,0.0,0.0,0.0,0.0,0.0,0.0,0.0,0.0,0.0,0.0,0.0,0.0,0.0,0.0,0.0,0.0,0.0,0.0,0.0,0.0,0.0,0.0,0.0,0.0,0.0,0.0,0.0,0.0,0.0,0.0,0.0,0.0,0.0,0.0,0.0,0.0,0.0,0.0,0.0,0.0,0.0,0.0,0.0,0.0,0.0,0.0,0.0,0.0,0.0,0.0,0.0,0.0,0.0,0.0,0.0,0.0,665600.0,743600.0,743600.0,0.0,0.0,0.0,748800.0,733200.0,743600.0,0.0,0.0,738400.0,743600.0,743600.0,0.0,681200.0,650000.0,597766.4270195799,0.0,0.0,0.0,0.0,0.0,0.0,0.0,0.0
100,HN197,22538878435.06038,3.337303392074833,0.0,158923378.4668728,276799436.9658724,27133814.71432405,667005321.5998772,0.0,8521360.775703635,7401054.464328139,26343509.43138257,0.0,0.0,0.0,0.0,12398579928.648788,7896925113.438125,465226376.5582162,0.0,0.0,21.1506,1672411296.233267,105735720.181976,1.6923756980979463,1.3411436814515374,0.09524203978745673,0.0,0.19614123451318452,0.01240073822470805,0.0,0.0,0.0,0.0,0.0,0.0,0.0,0.0,0.0,0.0,0.0,0.0,0.0,0.0,0.0,0.0,0.0,0.0,0.0,0.0,0.0,0.0,0.0,0.0,0.0,0.0,0.0,0.0,0.0,0.0,0.0,0.0,0.0,0.0,0.0,0.0,0.0,0.0,0.0,0.0,0.0,0.0,0.0,0.0,0.0,0.0,0.0,0.0,0.0,0.0,0.0,0.0,0.0,0.0,0.0,0.0,0.0,0.0,0.0,0.0,0.0,0.0,0.0,0.0,0.0,0.0,0.0,0.0,0.0,0.0,0.0,0.0,0.0,0.0,0.0,0.0,0.0,0.0,0.0,0.0,81760.7757036358,0.0,0.0,0.0,0.0,0.0,665600.0,743600.0,743600.0,0.0,0.0,0.0,748800.0,733200.0,743600.0,0.0,0.0,738400.0,743600.0,743600.0,0.0,681200.0,650000.0,0.0,0.0,504400.0,0.0,0.0,0.0,0.0,0.0,0.0
100,HN198,22509274889.01303,3.333831473366336,0.0,158923378.4668728,276799436.9658723,27133814.714324,667005321.5998772,0.0,8521360.775703635,7401054.464328138,26343509.43138253,0.0,0.0,0.0,0.0,12398579928.648788,7896925113.438124,465226376.5582155,0.0,0.0,21.1506,1655720424.80993,92823045.55797659,1.6923756980979463,1.3411436814515372,0.09524203978745657,0.0,0.1941837207523964,0.010886333277000107,0.0,0.0,0.0,0.0,0.0,0.0,0.0,0.0,0.0,0.0,0.0,0.0,0.0,0.0,0.0,0.0,0.0,0.0,0.0,0.0,0.0,0.0,0.0,0.0,0.0,0.0,0.0,0.0,0.0,0.0,0.0,0.0,0.0,0.0,0.0,0.0,0.0,0.0,0.0,0.0,0.0,0.0,0.0,0.0,0.0,0.0,0.0,0.0,0.0,0.0,0.0,0.0,0.0,0.0,0.0,0.0,0.0,0.0,0.0,0.0,0.0,0.0,0.0,0.0,0.0,0.0,0.0,0.0,0.0,0.0,0.0,0.0,0.0,0.0,0.0,0.0,0.0,0.0,0.0,0.0,81760.77570363517,0.0,0.0,0.0,0.0,0.0,665600.0,743600.0,743600.0,0.0,0.0,0.0,748800.0,733200.0,743600.0,0.0,0.0,738400.0,743600.0,743600.0,0.0,681200.0,650000.0,0.0,0.0,504400.0,0.0,0.0,0.0,0.0,0.0,0.0
100,HO197,22992888893.74677,3.390549966078017,0.0,158923378.4668728,276799436.9658723,27133814.71432404,667005321.5998772,0.0,8521360.775703633,7401054.464328136,26343509.43138256,0.0,0.0,0.0,0.0,12398579928.648787,7896925113.438122,465226376.558216,0.0,0.0,21.1506,2113712923.487528,118444551.6141125,1.6923756980979456,1.341143681451537,0.09524203978745668,0.0,0.24789731040030588,0.013891236340771678,0.0,0.0,0.0,0.0,0.0,0.0,0.0,0.0,0.0,0.0,0.0,0.0,0.0,0.0,0.0,0.0,0.0,0.0,0.0,0.0,0.0,0.0,0.0,0.0,0.0,0.0,0.0,0.0,0.0,0.0,0.0,0.0,0.0,0.0,0.0,0.0,0.0,0.0,0.0,0.0,0.0,0.0,0.0,0.0,0.0,0.0,0.0,0.0,0.0,0.0,0.0,0.0,0.0,0.0,0.0,0.0,0.0,0.0,0.0,0.0,0.0,0.0,0.0,0.0,0.0,0.0,0.0,0.0,0.0,0.0,0.0,0.0,0.0,0.0,0.0,0.0,0.0,0.0,0.0,0.0,81760.77570363398,0.0,0.0,0.0,0.0,0.0,665600.0,743600.0,743600.0,0.0,0.0,0.0,748800.0,733200.0,743600.0,0.0,0.0,738400.0,743600.0,743600.0,0.0,681200.0,650000.0,0.0,0.0,504400.0,0.0,0.0,0.0,0.0,0.0,0.0
100,HO198,22963336506.00845,3.387084047241627,0.0,158923378.4668728,276799436.9658723,27133814.71432402,667005321.5998772,0.0,8521360.775703635,7401054.464328138,26343509.43138254,0.0,0.0,0.0,0.0,12398579928.648788,7896925113.438124,465226376.5582157,0.0,0.0,21.1506,2095529473.560149,107075613.8031682,1.6923756980979463,1.3411436814515372,0.09524203978745661,0.0,0.24576474628494885,0.012557881619738268,0.0,0.0,0.0,0.0,0.0,0.0,0.0,0.0,0.0,0.0,0.0,0.0,0.0,0.0,0.0,0.0,0.0,0.0,0.0,0.0,0.0,0.0,0.0,0.0,0.0,0.0,0.0,0.0,0.0,0.0,0.0,0.0,0.0,0.0,0.0,0.0,0.0,0.0,0.0,0.0,0.0,0.0,0.0,0.0,0.0,0.0,0.0,0.0,0.0,0.0,0.0,0.0,0.0,0.0,0.0,0.0,0.0,0.0,0.0,0.0,0.0,0.0,0.0,0.0,0.0,0.0,0.0,0.0,0.0,0.0,0.0,0.0,0.0,0.0,0.0,0.0,0.0,0.0,0.0,0.0,81760.7757036343,0.0,0.0,0.0,0.0,0.0,665600.0,743600.0,743600.0,0.0,0.0,0.0,748800.0,733200.0,743600.0,0.0,0.0,738400.0,743600.0,743600.0,0.0,681200.0,650000.0,0.0,0.0,504400.0,0.0,0.0,0.0,0.0,0.0,0.0
100,User,22184696885.26386,3.296164621605435,0.0,158631781.8260681,276293654.4445841,28197875.34117121,667005321.5998772,0.0,8505725.5670814,7387530.867502248,27376578.0011371,0.0,0.0,0.0,0.0,12375830700.103436,7882495435.624899,483470367.5000812,0.0,0.0,21.1506,1442900382.035447,0.0,1.689270484294253,1.3386930730252704,0.09897698474913748,0.0,0.16922407953677426,0.0,0.0,0.0,0.0,0.0,0.0,0.0,0.0,0.0,0.0,0.0,0.0,0.0,0.0,0.0,0.0,0.0,0.0,0.0,0.0,0.0,0.0,0.0,0.0,0.0,0.0,0.0,0.0,0.0,0.0,0.0,0.0,0.0,0.0,0.0,0.0,0.0,0.0,0.0,0.0,0.0,0.0,0.0,0.0,0.0,0.0,0.0,0.0,0.0,0.0,0.0,0.0,0.0,0.0,0.0,0.0,0.0,0.0,0.0,0.0,0.0,0.0,0.0,0.0,0.0,0.0,0.0,0.0,0.0,0.0,743600.0,0.0,0.0,0.0,0.0,0.0,0.0,748800.0,0.0,0.0,0.0,0.0,743600.0,738400.0,0.0,0.0,0.0,0.0,743600.0,743600.0,717600.0,0.0,0.0,362525.5670813996,733200.0,743600.0,0.0,0.0,0.0,743600.0,743600.0,0.0,0.0,0.0,0.0,0.0,0.0,0.0,0.0,0.0,0.0,0.0,0.0
